-- MySQL dump 10.13  Distrib 8.0.31, for Win64 (x86_64)
--
-- Host: localhost    Database: base
-- ------------------------------------------------------
-- Server version	8.0.31

/*!40101 SET @OLD_CHARACTER_SET_CLIENT=@@CHARACTER_SET_CLIENT */;
/*!40101 SET @OLD_CHARACTER_SET_RESULTS=@@CHARACTER_SET_RESULTS */;
/*!40101 SET @OLD_COLLATION_CONNECTION=@@COLLATION_CONNECTION */;
/*!50503 SET NAMES utf8mb4 */;
/*!40103 SET @OLD_TIME_ZONE=@@TIME_ZONE */;
/*!40103 SET TIME_ZONE='+00:00' */;
/*!40014 SET @OLD_UNIQUE_CHECKS=@@UNIQUE_CHECKS, UNIQUE_CHECKS=0 */;
/*!40014 SET @OLD_FOREIGN_KEY_CHECKS=@@FOREIGN_KEY_CHECKS, FOREIGN_KEY_CHECKS=0 */;
/*!40101 SET @OLD_SQL_MODE=@@SQL_MODE, SQL_MODE='NO_AUTO_VALUE_ON_ZERO' */;
/*!40111 SET @OLD_SQL_NOTES=@@SQL_NOTES, SQL_NOTES=0 */;

--
-- Table structure for table `seg_rol_user`
--

DROP TABLE IF EXISTS `seg_rol_user`;
/*!40101 SET @saved_cs_client     = @@character_set_client */;
/*!50503 SET character_set_client = utf8mb4 */;
CREATE TABLE `seg_rol_user` (
  `id_rol` int NOT NULL AUTO_INCREMENT,
  `descripcion` varchar(100) DEFAULT NULL,
  PRIMARY KEY (`id_rol`)
) ENGINE=InnoDB AUTO_INCREMENT=2 DEFAULT CHARSET=utf8mb3;
/*!40101 SET character_set_client = @saved_cs_client */;

--
-- Dumping data for table `seg_rol_user`
--

LOCK TABLES `seg_rol_user` WRITE;
/*!40000 ALTER TABLE `seg_rol_user` DISABLE KEYS */;
INSERT INTO `seg_rol_user` VALUES (1,'ADMINISTRADOR');
/*!40000 ALTER TABLE `seg_rol_user` ENABLE KEYS */;
UNLOCK TABLES;

--
-- Table structure for table `seg_terceros`
--

DROP TABLE IF EXISTS `seg_terceros`;
/*!40101 SET @saved_cs_client     = @@character_set_client */;
/*!50503 SET character_set_client = utf8mb4 */;
CREATE TABLE `seg_terceros` (
  `id_tercero` int NOT NULL AUTO_INCREMENT,
  `id_tdoc` int DEFAULT NULL,
  `no_doc` char(12) DEFAULT NULL,
  `nombre1` varchar(50) DEFAULT NULL,
  `nombre2` varchar(50) DEFAULT NULL,
  `apellido1` varchar(50) DEFAULT NULL,
  `apellido2` varchar(50) DEFAULT NULL,
  `razon social` varchar(200) DEFAULT NULL,
  `genero` char(1) DEFAULT NULL COMMENT '0: No Aplica, 1:M, 2:F',
  `id_pais` int DEFAULT NULL,
  `id_dpto` int DEFAULT NULL,
  `id_municipio` int DEFAULT NULL,
  `direccion` varchar(100) DEFAULT NULL,
  `correo` varchar(100) DEFAULT NULL,
  `telefono` varchar(20) DEFAULT NULL,
  `fec_reg` timestamp NULL DEFAULT NULL,
  `user_reg` int DEFAULT NULL,
  `fec_act` timestamp NULL DEFAULT NULL,
  `user_act` int DEFAULT NULL,
  PRIMARY KEY (`id_tercero`),
  KEY `id_tdoc` (`id_tdoc`),
  KEY `id_pais` (`id_pais`),
  KEY `id_dpto` (`id_dpto`),
  KEY `id_municipio` (`id_municipio`),
  KEY `user_reg` (`user_reg`),
  KEY `user_act` (`user_act`),
  CONSTRAINT `seg_terceros_ibfk_1` FOREIGN KEY (`id_tdoc`) REFERENCES `tb_tipo_documentos` (`id_tdoc`),
  CONSTRAINT `seg_terceros_ibfk_2` FOREIGN KEY (`id_pais`) REFERENCES `tb_pais` (`id_pais`),
  CONSTRAINT `seg_terceros_ibfk_3` FOREIGN KEY (`id_dpto`) REFERENCES `tb_departamentos` (`id_dpto`),
  CONSTRAINT `seg_terceros_ibfk_4` FOREIGN KEY (`id_municipio`) REFERENCES `tb_municipios` (`id_municipio`),
  CONSTRAINT `seg_terceros_ibfk_5` FOREIGN KEY (`user_reg`) REFERENCES `seg_usuarios` (`id_user`),
  CONSTRAINT `seg_terceros_ibfk_6` FOREIGN KEY (`user_act`) REFERENCES `seg_usuarios` (`id_user`)
) ENGINE=InnoDB AUTO_INCREMENT=7 DEFAULT CHARSET=utf8mb3;
/*!40101 SET character_set_client = @saved_cs_client */;

--
-- Dumping data for table `seg_terceros`
--

LOCK TABLES `seg_terceros` WRITE;
/*!40000 ALTER TABLE `seg_terceros` DISABLE KEYS */;
INSERT INTO `seg_terceros` VALUES (2,1,'123456780','nombre1','nombre2','apellido1','apellido2','razon social','M',1,1,1,'direccion','correo','telefono','2020-01-01 05:00:00',1,NULL,NULL),(3,1,'123456789','nombre1','nombre2','apellido1','apellido2','razon social','M',1,1,1,'direccion','correo','telefono','2020-01-01 05:00:00',1,NULL,NULL),(4,1,'123456789','nombre1','nombre2','apellido1','apellido2','razon social','M',1,1,1,'direccion','correo','telefono','2020-01-01 05:00:00',1,NULL,NULL);
/*!40000 ALTER TABLE `seg_terceros` ENABLE KEYS */;
UNLOCK TABLES;

--
-- Table structure for table `seg_usuarios`
--

DROP TABLE IF EXISTS `seg_usuarios`;
/*!40101 SET @saved_cs_client     = @@character_set_client */;
/*!50503 SET character_set_client = utf8mb4 */;
CREATE TABLE `seg_usuarios` (
  `id_user` int NOT NULL AUTO_INCREMENT,
  `id_tercero` int DEFAULT NULL,
  `user` varchar(50) DEFAULT NULL,
  `clave` varchar(200) DEFAULT NULL,
  `id_rol` int DEFAULT NULL,
  `estado` tinyint(1) DEFAULT '1' COMMENT '1:activo, 0:inactivo',
  PRIMARY KEY (`id_user`),
  KEY `id_rol` (`id_rol`),
  KEY `id_tercero` (`id_tercero`),
  CONSTRAINT `seg_usuarios_ibfk_1` FOREIGN KEY (`id_rol`) REFERENCES `seg_rol_user` (`id_rol`) ON DELETE CASCADE ON UPDATE CASCADE,
  CONSTRAINT `seg_usuarios_ibfk_2` FOREIGN KEY (`id_tercero`) REFERENCES `seg_terceros` (`id_tercero`) ON DELETE CASCADE ON UPDATE CASCADE
) ENGINE=InnoDB AUTO_INCREMENT=3 DEFAULT CHARSET=utf8mb3;
/*!40101 SET character_set_client = @saved_cs_client */;

--
-- Dumping data for table `seg_usuarios`
--

LOCK TABLES `seg_usuarios` WRITE;
/*!40000 ALTER TABLE `seg_usuarios` DISABLE KEYS */;
INSERT INTO `seg_usuarios` VALUES (1,2,'admin','ffb7d7cd4d30031302056abb0892b79df4aebee6144bddecf9ac2453fabd01ebaaef0f099072ed4bcf436ad937cefc276f415ea05878089fbb44a3fbd52d9e96',1,1),(2,3,'otro','',1,1);
/*!40000 ALTER TABLE `seg_usuarios` ENABLE KEYS */;
UNLOCK TABLES;

--
-- Table structure for table `tb_departamentos`
--

DROP TABLE IF EXISTS `tb_departamentos`;
/*!40101 SET @saved_cs_client     = @@character_set_client */;
/*!50503 SET character_set_client = utf8mb4 */;
CREATE TABLE `tb_departamentos` (
  `id_dpto` int NOT NULL,
  `id_pais` int DEFAULT NULL,
  `codigo` char(3) DEFAULT NULL,
  `nombre` varchar(30) DEFAULT NULL,
  PRIMARY KEY (`id_dpto`),
  KEY `FK_IDPAIS` (`id_pais`),
  CONSTRAINT `FK_IDPAIS` FOREIGN KEY (`id_pais`) REFERENCES `tb_pais` (`id_pais`)
) ENGINE=InnoDB DEFAULT CHARSET=utf8mb3;
/*!40101 SET character_set_client = @saved_cs_client */;

--
-- Dumping data for table `tb_departamentos`
--

LOCK TABLES `tb_departamentos` WRITE;
/*!40000 ALTER TABLE `tb_departamentos` DISABLE KEYS */;
INSERT INTO `tb_departamentos` VALUES (0,1,'00','NINGUNO'),(1,1,'05','ANTIOQUIA'),(2,1,'08','ATLANTICO'),(3,1,'11','SANTAFE DE BOGOTA'),(4,1,'13','BOLIVAR'),(5,1,'15','BOYACA'),(6,1,'17','CALDAS'),(7,1,'18','CAQUETA'),(8,1,'19','CAUCA'),(9,1,'20','CESAR'),(10,1,'23','CORDOBA'),(11,1,'25','CUNDINAMARCA'),(12,1,'27','CHOCO'),(13,1,'41','HUILA'),(14,1,'44','GUAJIRA'),(15,1,'47','MAGDALENA'),(16,1,'50','META'),(17,1,'52','NARIÑO'),(18,1,'54','NORTE DE SANTANDER'),(19,1,'63','QUINDIO'),(20,1,'66','RISARALDA'),(21,1,'68','SANTANDER'),(22,1,'70','SUCRE'),(23,1,'73','TOLIMA'),(24,1,'76','VALLE'),(25,1,'81','ARAUCA'),(26,1,'85','CASANARE'),(27,1,'86','PUTUMAYO'),(28,1,'88','SAN ANDRES'),(29,1,'91','AMAZONAS'),(30,1,'94','GUAINIA'),(31,1,'95','GUAVIARE'),(32,1,'97','VAUPES'),(33,1,'99','VICHADA');
/*!40000 ALTER TABLE `tb_departamentos` ENABLE KEYS */;
UNLOCK TABLES;

--
-- Table structure for table `tb_municipios`
--

DROP TABLE IF EXISTS `tb_municipios`;
/*!40101 SET @saved_cs_client     = @@character_set_client */;
/*!50503 SET character_set_client = utf8mb4 */;
CREATE TABLE `tb_municipios` (
  `id_municipio` int NOT NULL,
  `id_dpto` int DEFAULT NULL,
  `codigo` char(3) DEFAULT NULL,
  `municipio` varchar(40) DEFAULT NULL,
  `cod_postal` char(6) DEFAULT NULL,
  PRIMARY KEY (`id_municipio`),
  KEY `FK_IDDPTO` (`id_dpto`),
  CONSTRAINT `FK_IDDPTO` FOREIGN KEY (`id_dpto`) REFERENCES `tb_departamentos` (`id_dpto`)
) ENGINE=InnoDB DEFAULT CHARSET=utf8mb3;
/*!40101 SET character_set_client = @saved_cs_client */;

--
-- Dumping data for table `tb_municipios`
--

LOCK TABLES `tb_municipios` WRITE;
/*!40000 ALTER TABLE `tb_municipios` DISABLE KEYS */;
INSERT INTO `tb_municipios` VALUES (0,0,'000','NINGUNO','000000'),(1,1,'001','MEDELLIN','050001'),(2,1,'002','ABEJORRAL','055030'),(3,1,'004','ABRIAQUI','057460'),(4,1,'021','ALEJANDRIA','053820'),(5,1,'030','AMAGA','055840'),(6,1,'031','AMALFI','052840'),(7,1,'034','ANDES','056060'),(8,1,'036','ANGELOPOLIS','055830'),(9,1,'038','ANGOSTURA','051810'),(10,1,'040','ANORI','052850'),(11,1,'042','SANTAFE DE ANTIOQUIA','057050'),(12,1,'044','ANZA','056850'),(13,1,'045','APARTADO','057840'),(14,1,'051','ARBOLETES','057820'),(15,1,'055','ARGELIA','054830'),(16,1,'059','ARMENIA','055860'),(17,1,'079','BARBOSA','051020'),(18,1,'086','BELMIRA','051420'),(19,1,'088','BELLO','051050'),(20,1,'091','BETANIA','056070'),(21,1,'093','BETULIA','056860'),(22,1,'101','CIUDAD BOLIVAR','110111'),(23,1,'107','BRICEÑO','052060'),(24,1,'113','BURITICA','057030'),(25,1,'120','CACERES','052450'),(26,1,'125','CAICEDO','056840'),(27,1,'129','CALDAS','055440'),(28,1,'134','CAMPAMENTO','052020'),(29,1,'138','CAÑASGORDAS','057060'),(30,1,'142','CARACOLI','053450'),(31,1,'145','CARAMANTA','056040'),(32,1,'147','CAREPA','057850'),(33,1,'148','CARMEN DE VIBORAL','054030'),(34,1,'150','CAROLINA','050540'),(35,1,'154','CAUCASIA','052410'),(36,1,'172','CHIGORODO','057410'),(37,1,'190','CISNEROS','053050'),(38,1,'197','COCORNA','054440'),(39,1,'206','CONCEPCION','053810'),(40,1,'209','CONCORDIA','056410'),(41,1,'212','COPACABANA','051040'),(42,1,'234','DABEIBA','057430'),(43,1,'237','DON MATIAS','051850'),(44,1,'240','EBEJICO','055810'),(45,1,'250','EL BAGRE','052430'),(46,1,'264','ENTRERRIOS','051430'),(47,1,'266','ENVIGADO','055420'),(48,1,'282','FREDONIA','055070'),(49,1,'284','FRONTINO','057450'),(50,1,'306','GIRALDO','057040'),(51,1,'308','GIRARDOTA','051030'),(52,1,'310','GOMEZ PLATA','051830'),(53,1,'313','GRANADA','054410'),(54,1,'315','GUADALUPE','051820'),(55,1,'318','GUARNE','054050'),(56,1,'321','GUATAPE','053840'),(57,1,'347','HELICONIA','055820'),(58,1,'353','HISPANIA','056450'),(59,1,'360','ITAGUI','055410'),(60,1,'361','ITUANGO','052070'),(61,1,'364','JARDIN','056050'),(62,1,'368','JERICO','056010'),(63,1,'376','LA CEJA','055010'),(64,1,'380','LA ESTRELLA','055460'),(65,1,'390','LA PINTADA','055060'),(66,1,'400','LA UNION','055020'),(67,1,'411','LIBORINA','051460'),(68,1,'425','MACEO','053460'),(69,1,'440','MARINILLA','054020'),(70,1,'467','MONTEBELLO','055040'),(71,1,'475','MURINDO','056810'),(72,1,'480','MUTATA','057420'),(73,1,'483','NARIÑO','054840'),(74,1,'490','NECOCLI','057870'),(75,1,'495','NECHI','052420'),(76,1,'501','OLAYA','051450'),(77,1,'541','PEÑOL','053857'),(78,1,'543','PEQUE','057010'),(79,1,'576','PUEBLORRICO','056440'),(80,1,'579','PUERTO BERRIO','053420'),(81,1,'585','PUERTO NARE','053430'),(82,1,'591','PUERTO TRIUNFO','053447'),(83,1,'604','REMEDIOS','052820'),(84,1,'607','RETIRO','055430'),(85,1,'615','RIONEGRO','054040'),(86,1,'628','SABANALARGA','057020'),(87,1,'631','SABANETA','055413'),(88,1,'642','SALGAR','056470'),(89,1,'647','SAN ANDRES','052040'),(90,1,'649','SAN CARLOS','054420'),(91,1,'652','SAN FRANCISCO','054810'),(92,1,'656','SAN JERONIMO','051070'),(93,1,'658','SAN JOSE DE LA MONTAÑA','051410'),(94,1,'659','SAN JUAN DE URABA','057810'),(95,1,'660','SAN LUIS','054430'),(96,1,'664','SAN PEDRO','051010'),(97,1,'665','SAN PEDRO DE URABA','057830'),(98,1,'667','SAN RAFAEL','053830'),(99,1,'670','SAN ROQUE','053030'),(100,1,'674','SAN VICENTE','054010'),(101,1,'679','SANTA BARBARA','055050'),(102,1,'686','SANTA.ROSA DE OSOS','051860'),(103,1,'690','SANTO DOMINGO','053040'),(104,1,'697','SANTUARIO','054450'),(105,1,'736','SEGOVIA','052810'),(106,1,'756','SONSON','054820'),(107,1,'761','SOPETRAN','051440'),(108,1,'789','TAMESIS','056020'),(109,1,'790','TARAZA','052460'),(110,1,'792','TARSO','056430'),(111,1,'809','TITIRIBI','055850'),(112,1,'819','TOLEDO','052050'),(113,1,'837','TURBO','057860'),(114,1,'842','URAMITA','057440'),(115,1,'847','URRAO','056830'),(116,1,'854','VALDIVIA','052010'),(117,1,'856','VALPARAISO','056030'),(118,1,'858','VEGACHI','052830'),(119,1,'861','VENECIA','056420'),(120,1,'873','VIGIA DEL FUERTE','056820'),(121,1,'885','YALI','053010'),(122,1,'887','YARUMAL','052030'),(123,1,'890','YOLOMBO','053020'),(124,1,'893','YONDO','053417'),(125,1,'895','ZARAGOZA','052440'),(126,2,'001','BARRANQUILLA','080004'),(127,2,'078','BARANOA','082020'),(128,2,'137','CAMPO DE LA CRUZ','084040'),(129,2,'141','CANDELARIA','110111'),(130,2,'296','GALAPA','082001'),(131,2,'372','JUAN DE ACOSTA','081040'),(132,2,'421','LURUACO','085060'),(133,2,'433','MALAMBO','083006'),(134,2,'436','MANATI','085020'),(135,2,'520','PALMAR DE VARELA','083080'),(136,2,'549','PIOJO','081060'),(137,2,'558','POLONUEVO','082040'),(138,2,'560','PONEDERA','084001'),(139,2,'573','PUERTO COLOMBIA','081001'),(140,2,'606','REPELON','085040'),(141,2,'634','SABANAGRANDE','083040'),(142,2,'638','SABANALARGA','085001'),(143,2,'675','SANTA LUCIA','084080'),(144,2,'685','SANTO TOMAS','083060'),(145,2,'758','SOLEDAD','080005'),(146,2,'770','SUAN','084060'),(147,2,'832','TUBARA','081020'),(148,2,'849','USIACURI','082060'),(149,3,'001','USAQUEN','110111'),(150,3,'001','CAPINERO','110111'),(151,3,'001','SANTA FE ','110111'),(152,3,'001','SAN CRISTOBAL','110111'),(153,3,'001','USME','110111'),(154,3,'001','TUNJUELITO','110111'),(155,3,'001','BOSA','110111'),(156,3,'001','KENNEDY','110111'),(157,3,'001','FONTIBON','110111'),(158,3,'001','ENGATIVA','110111'),(159,3,'001','SUBA','110111'),(160,3,'001','BARRIOS UNIDOS','110111'),(161,3,'001','TEUSAQUILLO','110111'),(162,3,'001','MARTIRES','110111'),(163,3,'001','ANTONIO NARIÑO','110111'),(164,3,'001','PUENTE ARANDA','110111'),(165,3,'001','CANDELARIA','110111'),(166,3,'001','RAFAEL URIBE','110111'),(167,3,'001','CIUDAD BOLIVAR','110111'),(168,3,'001','SUMAPAZ','110111'),(169,4,'001','CARTAGENA','130001'),(170,4,'006','ACHI','134020'),(171,4,'030','ALTOS DEL ROSARIO','133501'),(172,4,'042','ARENAL','134520'),(173,4,'052','ARJONA','131020'),(174,4,'062','ARROYOHONDO','131560'),(175,4,'074','BARRANCO DE LOBA','133510'),(176,4,'140','CALAMAR','131540'),(177,4,'160','CANTAGALLO','135060'),(178,4,'188','CICUCO','132550'),(179,4,'212','CORDOBA','132501'),(180,4,'222','CLEMENCIA','130510'),(181,4,'244','EL CARMEN DE BOLIVAR','132050'),(182,4,'248','EL GUAMO','132001'),(183,4,'268','EL PENON','133550'),(184,4,'300','HATILLO DE LOBA','133040'),(185,4,'430','MAGANGUE','132511'),(186,4,'433','MAHATES','131040'),(187,4,'440','MARGARITA','133020'),(188,4,'442','MARIA LA BAJA','131060'),(189,4,'458','MONTECRISTO','134070'),(190,4,'468','MOMPOS','132560'),(191,4,'473','MORALES','134540'),(192,4,'549','PINILLOS','134001'),(193,4,'580','REGIDOR','133560'),(194,4,'600','RIO VIEJO','134501'),(195,4,'620','SAN CRISTOBAL','131520'),(196,4,'647','SAN ESTANISLAO','130540'),(197,4,'650','SAN FERNANDO','133001'),(198,4,'654','SAN JACINTO','132030'),(199,4,'655','SAN JACINTO DEL CAUCA','134060'),(200,4,'657','SAN JUAN NEPOMUCENO','132010'),(201,4,'667','SAN MARTIN DE LOBA','133530'),(202,4,'670','SAN PABLO','135040'),(203,4,'673','SANTA CATALINA','130501'),(204,4,'683','SANTA ROSA','130520'),(205,4,'688','SANTA ROSA DEL SUR','135001'),(206,4,'744','SIMITI','135020'),(207,4,'760','SOPLAVIENTO','131501'),(208,4,'780','TALAIGUA NUEVO','132540'),(209,4,'810','TIQUISIO','134040'),(210,4,'836','TURBACO','131001'),(211,4,'838','TURBANA','131010'),(212,4,'873','VILLANUEVA','130530'),(213,4,'894','ZAMBRANO','132040'),(214,5,'001','TUNJA','150001'),(215,5,'022','ALMEIDA','153020'),(216,5,'047','AQUITANIA','152420'),(217,5,'051','ARCABUCO','154201'),(218,5,'087','BELEN','150640'),(219,5,'090','BERBEO','152610'),(220,5,'092','BETEITIVA','150610'),(221,5,'097','BOAVITA','151060'),(222,5,'104','BOYACA','153610'),(223,5,'106','BRICEÑO','154670'),(224,5,'109','BUENAVISTA','154840'),(225,5,'114','BUSBANZA','152080'),(226,5,'131','CALDAS','154660'),(227,5,'135','CAMPOHERMOSO','152640'),(228,5,'162','CERINZA','150620'),(229,5,'172','CHINAVITA','153280'),(230,5,'176','CHIQUINQUIRA','154640'),(231,5,'180','CHISCAS','151401'),(232,5,'183','CHITA','151601'),(233,5,'185','CHITARAQUE','154420'),(234,5,'187','CHIVATA','150240'),(235,5,'189','CIENEGA','153440'),(236,5,'204','COMBITA','150201'),(237,5,'212','COPER','154860'),(238,5,'215','CORRALES','152060'),(239,5,'218','COVARACHIA','151040'),(240,5,'223','CUBARA','151420'),(241,5,'224','CUCAITA','154060'),(242,5,'226','CUITIVA','152230'),(243,5,'232','CHIQUIZA','154020'),(244,5,'236','CHIVOR','153001'),(245,5,'238','DUITAMA','150461'),(246,5,'244','EL COCUY','151280'),(247,5,'248','EL ESPINO','151240'),(248,5,'272','FIRAVITOBA','152250'),(249,5,'276','FLORESTA','150601'),(250,5,'293','GACHANTIVA','154220'),(251,5,'296','GAMEZA','152020'),(252,5,'299','GARAGOA','152860'),(253,5,'317','GUACAMAYAS','151220'),(254,5,'322','GUATEQUE','153050'),(255,5,'325','GUAYATA','153040'),(256,5,'332','GUICAN','151440'),(257,5,'362','IZA','152240'),(258,5,'367','JENESANO','153601'),(259,5,'368','JERICO','150840'),(260,5,'377','LABRANZAGRANDE','151840'),(261,5,'380','LA CAPILLA','153220'),(262,5,'401','LA VICTORIA','155001'),(263,5,'403','LA UVITA','150860'),(264,5,'407','VILLA DE LEYVA','154001'),(265,5,'425','MACANAL','152840'),(266,5,'442','MARIPI','154820'),(267,5,'455','MIRAFLORES','152660'),(268,5,'464','MONGUA','152001'),(269,5,'466','MONGUI','152201'),(270,5,'469','MONIQUIRA','154260'),(271,5,'476','MOTAVITA','154080'),(272,5,'480','MUZO','154880'),(273,5,'491','NOBSA','152280'),(274,5,'494','NUEVO COLON','153620'),(275,5,'500','OICATA','150220'),(276,5,'507','OTANCHE','155060'),(277,5,'511','PACHAVITA','153210'),(278,5,'514','PAEZ','152620'),(279,5,'516','PAIPA','150440'),(280,5,'518','PAJARITO','152401'),(281,5,'522','PANQUEBA','151260'),(282,5,'531','PAUNA','154801'),(283,5,'533','PAYA','151820'),(284,5,'537','PAZ DE RIO','150680'),(285,5,'542','PESCA','152460'),(286,5,'550','PISBA','151801'),(287,5,'572','PUERTO BOYACA','155201'),(288,5,'580','QUIPAMA','155020'),(289,5,'599','RAMIRIQUI','153401'),(290,5,'600','RAQUIRA','153801'),(291,5,'621','RONDON','153420'),(292,5,'632','SABOYA','154601'),(293,5,'638','SACHICA','153880'),(294,5,'646','SAMACA','153660'),(295,5,'660','SAN EDUARDO','152601'),(296,5,'664','SAN JOSE DE PARE','154460'),(297,5,'667','SAN LUIS DE GACENO','152801'),(298,5,'673','SAN MATEO','151201'),(299,5,'676','SAN MIGUEL DE SEMA','153820'),(300,5,'681','SAN PABLO BORBUR','155040'),(301,5,'686','SANTANA','154440'),(302,5,'690','SANTA MARIA','152820'),(303,5,'693','SAN ROSA VITERBO','150480'),(304,5,'696','SANTA SOFIA','154240'),(305,5,'720','SATIVANORTE','150820'),(306,5,'723','SATIVASUR','150801'),(307,5,'740','SIACHOQUE','153460'),(308,5,'753','SOATA','151001'),(309,5,'755','SOCOTA','151620'),(310,5,'757','SOCHA','151640'),(311,5,'759','SOGAMOSO','152210'),(312,5,'761','SOMONDOCO','153030'),(313,5,'762','SORA','154040'),(314,5,'763','SOTAQUIRA','150420'),(315,5,'764','SORACA','153480'),(316,5,'774','SUSACON','150880'),(317,5,'776','SUTAMARCHAN','153860'),(318,5,'778','SUTATENZA','153060'),(319,5,'790','TASCO','151660'),(320,5,'798','TENZA','153201'),(321,5,'804','TIBANA','153260'),(322,5,'806','TIBASOSA','152260'),(323,5,'808','TINJACA','153840'),(324,5,'810','TIPACOQUE','151020'),(325,5,'814','TOCA','150260'),(326,5,'816','TOGUI','154401'),(327,5,'820','TOPAGA','152040'),(328,5,'822','TOTA','152440'),(329,5,'832','TUNUNGUA','154680'),(330,5,'835','TURMEQUE','153630'),(331,5,'837','TUTA','150401'),(332,5,'839','TUTAZA','150660'),(333,5,'842','UMBITA','153240'),(334,5,'861','VENTAQUEMADA','153640'),(335,5,'879','VIRACACHA','153450'),(336,5,'897','ZETAQUIRA','152680'),(337,6,'001','MANIZALES','170001'),(338,6,'013','AGUADAS','172020'),(339,6,'042','ANSERMA','177080'),(340,6,'050','ARANZAZU','171040'),(341,6,'088','BELALCAZAR','177001'),(342,6,'174','CHINCHINA','176020'),(343,6,'272','FILADELFIA','171020'),(344,6,'380','LA DORADA','175030'),(345,6,'388','LA MERCED','172060'),(346,6,'433','MANZANARES','173020'),(347,6,'442','MARMATO','178001'),(348,6,'444','MARQUETALIA','173040'),(349,6,'446','MARULANDA','173001'),(350,6,'486','NEIRA','171001'),(351,6,'495','NORCASIA','175001'),(352,6,'513','PACORA','172040'),(353,6,'524','PALESTINA','176040'),(354,6,'541','PENSILVANIA','173060'),(355,6,'614','RIOSUCIO','178040'),(356,6,'616','RISARALDA','177060'),(357,6,'653','SALAMINA','172001'),(358,6,'662','SAMANA','174001'),(359,6,'665','SAN JOSE','177040'),(360,6,'777','SUPIA','178020'),(361,6,'867','VICTORIA','174030'),(362,6,'873','VILLAMARIA','176001'),(363,6,'877','VITERBO','177020'),(364,7,'001','FLORENCIA','180001'),(365,7,'029','ALBANIA','186030'),(366,7,'094','BELEN DE LOS ANDAQUIES','186010'),(367,7,'150','CARTAGENA DEL CHAIRA','183010'),(368,7,'205','CURRILLO','186050'),(369,7,'247','EL DONCELLO','181010'),(370,7,'256','EL PAUJIL','181030'),(371,7,'410','LA MONTAÑITA','181050'),(372,7,'460','MILAN','185030'),(373,7,'479','MORELIA','185010'),(374,7,'592','PUERTO RICO','182050'),(375,7,'610','SAN JOSE DE LA FRAGUA','186070'),(376,7,'753','SAN VICENTE DEL CAGÜAN','182010'),(377,7,'756','SOLANO','184010'),(378,7,'785','SOLITA','185070'),(379,7,'860','VALPARAISO','185050'),(380,8,'001','POPAYAN','190001'),(381,8,'022','ALMAGUER','194080'),(382,8,'050','ARGELIA','195560'),(383,8,'075','BALBOA','195530'),(384,8,'100','BOLIVAR','195001'),(385,8,'110','BUENOS AIRES','191001'),(386,8,'130','CAJIBIO','190501'),(387,8,'137','CALDONO','192040'),(388,8,'142','CALOTO','191070'),(389,8,'212','CORINTO','191560'),(390,8,'256','EL TAMBO','193570'),(391,8,'290','FLORENCIA','195040'),(392,8,'318','GUAPI','196001'),(393,8,'355','INZA','192531'),(394,8,'364','JAMBALO','192020'),(395,8,'392','LA SIERRA','194001'),(396,8,'397','LA VEGA','194020'),(397,8,'418','LOPEZ','196060'),(398,8,'450','MERCADERES','195060'),(399,8,'455','MIRANDA','191520'),(400,8,'473','MORALES','190550'),(401,8,'513','PADILLA','191540'),(402,8,'517','PAEZ','192501'),(403,8,'532','PATIA','195501'),(404,8,'533','PIAMONTE','194550'),(405,8,'548','PIENDAMO','190530'),(406,8,'573','PUERTO TEJADA','191501'),(407,8,'585','PURACE','193001'),(408,8,'622','ROSAS','193550'),(409,8,'693','SAN SEBASTIAN','194501'),(410,8,'698','SANTANDER DE QUILICHAO','191030'),(411,8,'701','SANTA ROSA','194520'),(412,8,'743','SILVIA','192070'),(413,8,'760','SOTARA','193501'),(414,8,'780','SUAREZ','190580'),(415,8,'785','SUCRE','194060'),(416,8,'807','TIMBIO','193520'),(417,8,'809','TIMBIQUI','196030'),(418,8,'821','TORIBIO','192001'),(419,8,'824','TOTORO','192570'),(420,8,'845','VILLA RICA','191060'),(421,9,'001','VALLEDUPAR','200001'),(422,9,'011','AGUACHICA','205010'),(423,9,'013','AGUSTIN CODAZZI','202050'),(424,9,'032','ASTREA','201040'),(425,9,'045','BECERRIL','203001'),(426,9,'060','BOSCONIA','201020'),(427,9,'175','CHIMICHAGUA','201050'),(428,9,'178','CHIRIGUANA','203040'),(429,9,'228','CURUMANI','203060'),(430,9,'238','EL COPEY','201010'),(431,9,'250','EL PASO','201030'),(432,9,'295','GAMARRA','205001'),(433,9,'310','GONZALEZ','205030'),(434,9,'383','LA GLORIA','204060'),(435,9,'400','LA JAGUA DE IBIRICO','203020'),(436,9,'443','MANAURE','202001'),(437,9,'517','PAILITAS','204001'),(438,9,'550','PELAYA','204040'),(439,9,'570','PUEBLO BELLO','201001'),(440,9,'614','RIO DE ORO','205040'),(441,9,'621','LA PAZ','202010'),(442,9,'710','SAN ALBERTO','205070'),(443,9,'750','SAN DIEGO','202030'),(444,9,'770','SAN MARTIN','205050'),(445,9,'787','TAMALAMEQUE','204020'),(446,10,'001','MONTERIA','230001'),(447,10,'068','AYAPEL','233530'),(448,10,'079','BUENAVISTA','233020'),(449,10,'090','CANALETE','235040'),(450,10,'162','CERETE','230550'),(451,10,'168','CHIMA','232010'),(452,10,'182','CHINU','232050'),(453,10,'189','CIENAGA DE ORO','232520'),(454,10,'300','COTORRA','230501'),(455,10,'350','LA APARTADA','233501'),(456,10,'417','LORICA','231020'),(457,10,'419','LOS CORDOBAS','235020'),(458,10,'464','MOMIL','232001'),(459,10,'466','MONTELIBANO','234001'),(460,10,'500','MOÑITOS','231001'),(461,10,'555','PLANETA RICA','233040'),(462,10,'570','PUEBLO NUEVO','233001'),(463,10,'574','PUERTO ESCONDIDO','235001'),(464,10,'580','PUERTO LIBERTADOR','234030'),(465,10,'586','PURISIMA','231540'),(466,10,'660','SAHAGUN','232540'),(467,10,'670','SAN ANDRES DE SOTAVENTO','232030'),(468,10,'672','SAN ANTERO','231520'),(469,10,'675','SAN BERNARDO DEL VIENTO','231501'),(470,10,'678','SAN CARLOS','232501'),(471,10,'686','SAN PELAYO','230520'),(472,10,'807','TIERRALTA','234501'),(473,10,'855','VALENCIA','234530'),(474,11,'001','AGUA DE DIOS','252850'),(475,11,'019','ALBAN','253201'),(476,11,'035','ANAPOIMA','252640'),(477,11,'040','ANOLAIMA','253040'),(478,11,'053','ARBELAEZ','252001'),(479,11,'086','BELTRAN','253260'),(480,11,'095','BITUIMA','253220'),(481,11,'099','BOJACA','253001'),(482,11,'120','CABRERA','252040'),(483,11,'123','CACHIPAY','253020'),(484,11,'126','CAJICA','250240'),(485,11,'148','CAPARRAPI','253460'),(486,11,'151','CAQUEZA','251820'),(487,11,'154','CARMEN DE CARUPA','250420'),(488,11,'168','CHAGUANI','253240'),(489,11,'175','CHIA','250001'),(490,11,'178','CHIPAQUE','251801'),(491,11,'181','CHOACHI','251620'),(492,11,'183','CHOCONTA','250801'),(493,11,'200','COGUA','250401'),(494,11,'214','COTA','250010'),(495,11,'224','CUCUNUBA','250450'),(496,11,'245','EL COLEGIO','252630'),(497,11,'258','EL PEÑON','254020'),(498,11,'260','EL ROSAL','250210'),(499,11,'269','FACATATIVA','253051'),(500,11,'279','FOMEQUE','251640'),(501,11,'281','FOSCA','251830'),(502,11,'286','FUNZA','250020'),(503,11,'288','FUQUENE','250620'),(504,11,'290','FUSAGASUGA','252211'),(505,11,'293','GACHALA','251250'),(506,11,'295','GACHANCIPA','251020'),(507,11,'297','GACHETA','251230'),(508,11,'299','GAMA','251240'),(509,11,'307','GIRARDOT','252431'),(510,11,'312','GRANADA','252250'),(511,11,'317','GUACHETA','250610'),(512,11,'320','GUADUAS','253440'),(513,11,'322','GUASCA','251210'),(514,11,'324','GUATAQUI','252820'),(515,11,'326','GUATAVITA','251060'),(516,11,'328','GUAYABAL DE SIQUIMA','253210'),(517,11,'335','GUAYABETAL','251850'),(518,11,'339','GUTIERREZ','251860'),(519,11,'368','JERUSALEN','252810'),(520,11,'372','JUNIN','251220'),(521,11,'377','LA CALERA','251201'),(522,11,'386','LA MESA','252601'),(523,11,'394','LA PALMA','253801'),(524,11,'398','LA PEÑA','253640'),(525,11,'402','LA VEGA','253610'),(526,11,'407','LENGUAZAQUE','250601'),(527,11,'426','MACHETA','250840'),(528,11,'430','MADRID','250030'),(529,11,'436','MANTA','250830'),(530,11,'438','MEDINA','251420'),(531,11,'473','MOSQUERA','250040'),(532,11,'483','NARIÑO','252830'),(533,11,'486','NEMOCON','251030'),(534,11,'488','NILO','252401'),(535,11,'489','NIMAIMA','253630'),(536,11,'491','NOCAIMA','253620'),(537,11,'506','VENECIA','252030'),(538,11,'513','PACHO','254001'),(539,11,'518','PAIME','254040'),(540,11,'524','PANDI','252010'),(541,11,'530','PARATEBUENO','251401'),(542,11,'535','PASCA','252201'),(543,11,'572','PUERTO SALGAR','253480'),(544,11,'580','PULI','252801'),(545,11,'592','QUEBRADANEGRA','253420'),(546,11,'594','QUETAME','251840'),(547,11,'596','QUIPILE','253030'),(548,11,'599','APULO','252650'),(549,11,'612','RICAURTE','252410'),(550,11,'645','SAN ANTONIO DE TEQUENDAMA','252620'),(551,11,'649','SAN BERNARDO','252020'),(552,11,'653','SAN CAYETANO','254050'),(553,11,'658','SAN FRANCISCO','253601'),(554,11,'662','SAN JUAN DE RIOSECO','253250'),(555,11,'718','SASAIMA','253401'),(556,11,'736','SESQUILE','251050'),(557,11,'740','SIBATE','250070'),(558,11,'743','SILVANIA','252240'),(559,11,'745','SIMIJACA','250640'),(560,11,'754','SOACHA','250051'),(561,11,'758','SOPO','251001'),(562,11,'769','SUBACHOQUE','250220'),(563,11,'772','SUESCA','251040'),(564,11,'777','SUPATA','253660'),(565,11,'779','SUSA','250630'),(566,11,'781','SUTATAUSA','250440'),(567,11,'785','TABIO','250230'),(568,11,'793','TAUSA','250410'),(569,11,'797','TENA','252610'),(570,11,'799','TENJO','250201'),(571,11,'805','TIBACUY','252230'),(572,11,'807','TIBIRITA','250820'),(573,11,'815','TOCAIMA','252840'),(574,11,'817','TOCANCIPA','251010'),(575,11,'823','TOPAIPI','253820'),(576,11,'839','UBALA','251260'),(577,11,'841','UBAQUE','251601'),(578,11,'843','UBATE','250430'),(579,11,'845','UNE','251810'),(580,11,'851','UTICA','253430'),(581,11,'862','VERGARA','253650'),(582,11,'867','VIANI','253230'),(583,11,'871','VILLAGOMEZ','254030'),(584,11,'873','VILLAPINZON','250810'),(585,11,'875','VILLETA','253410'),(586,11,'878','VIOTA','252660'),(587,11,'885','YACOPI','253840'),(588,11,'898','ZIPACON','253010'),(589,11,'899','ZIPAQUIRA','250251'),(590,12,'001','QUIBDO','270001'),(591,12,'006','ACANDI','278010'),(592,12,'025','ALTO BAUDO','276070'),(593,12,'050','ATRATO','272010'),(594,12,'073','BAGADO','271050'),(595,12,'075','BAHIA SOLANO','276030'),(596,12,'077','BAJO BAUDO','275030'),(597,12,'086','BLEN DE BAJIRA','277010'),(598,12,'099','BOJAYA','277050'),(599,12,'135','CANTON DE SAN PABLO','272040'),(600,12,'150','CARMEN DEL DARIEN','277030'),(601,12,'160','CERTEGUI','272020'),(602,12,'205','CONDOTO','273030'),(603,12,'245','EL CARMEN DE ATRATO','271010'),(604,12,'250','EL LITORAL DEL SAN JUAN','275050'),(605,12,'361','ITSMINA','274010'),(606,12,'372','JURADO','276010'),(607,12,'413','LLORO','271030'),(608,12,'425','MEDIO ATRATO','270070'),(609,12,'430','MEDIO BAUDO','275010'),(610,12,'450','MEDIO SAN JUAN','274030'),(611,12,'491','NOVITA','273050'),(612,12,'495','NUQUI','276050'),(613,12,'580','RIO IRO','273010'),(614,12,'600','RIO QUITO','272050'),(615,12,'615','RIOSUCIO','277010'),(616,12,'660','SAN JOSE DEL PALMAR','273070'),(617,12,'745','SIPI','274050'),(618,12,'787','TADO','271070'),(619,12,'800','UNGUIA','278030'),(620,12,'810','UNION PANAMERICANA','272030'),(621,13,'001','NEIVA','410001'),(622,13,'006','ACEVEDO','417070'),(623,13,'013','AGRADO','414040'),(624,13,'016','AIPE','411001'),(625,13,'020','ALGECIRAS','413040'),(626,13,'026','ALTAMIRA','416020'),(627,13,'078','BARAYA','411060'),(628,13,'132','CAMPOALEGRE','413020'),(629,13,'206','COLOMBIA','411080'),(630,13,'244','ELIAS','417001'),(631,13,'298','GARZON','414020'),(632,13,'306','GIGANTE','414001'),(633,13,'319','GUADALUPE','416040'),(634,13,'349','HOBO','413060'),(635,13,'357','IQUIRA','412060'),(636,13,'359','ISNOS','418040'),(637,13,'378','LA ARGENTINA','415080'),(638,13,'396','LA PLATA','415060'),(639,13,'483','NATAGA','415020'),(640,13,'503','OPORAPA','418001'),(641,13,'518','PAICOL','415040'),(642,13,'524','PALERMO','412001'),(643,13,'530','PALESTINA','417060'),(644,13,'548','PITAL','414060'),(645,13,'551','PITALITO','417030'),(646,13,'615','RIVERA','413001'),(647,13,'660','SALADOBLANCO','418020'),(648,13,'668','SAN AGUSTIN','418060'),(649,13,'676','SANTA MARIA','412020'),(650,13,'770','SUAZA','416080'),(651,13,'791','TARQUI','416001'),(652,13,'797','TESALIA','415001'),(653,13,'799','TELLO','411040'),(654,13,'801','TERUEL','412040'),(655,13,'807','TIMANA','417010'),(656,13,'872','VILLAVIEJA','411020'),(657,13,'885','YAGUARA','412080'),(658,14,'001','RIOHACHA','440001'),(659,14,'035','ALBANIA','443001'),(660,14,'078','BARRANCAS','443040'),(661,14,'090','DIBULLA','446001'),(662,14,'098','DISTRACCION','444001'),(663,14,'110','EL MOLINO','444050'),(664,14,'279','FONSECA','444010'),(665,14,'378','HATONUEVO','443020'),(666,14,'420','LA JAGUA DEL PILAR','445040'),(667,14,'430','MAICAO','442001'),(668,14,'560','MANAURE','441001'),(669,14,'650','SAN JUAN DEL CESAR','444030'),(670,14,'847','URIBIA','441020'),(671,14,'855','URUMITA','445020'),(672,14,'874','VILLANUEVA','445001'),(673,15,'001','SANTA MARTA','470001'),(674,15,'030','ALGARROBO','472040'),(675,15,'053','ARACATACA','472001'),(676,15,'058','ARIGUANI','475010'),(677,15,'161','CERRO SAN ANTONIO','476020'),(678,15,'170','CHIVOLO','476060'),(679,15,'189','CIENAGA','478001'),(680,15,'205','CONCORDIA','476030'),(681,15,'245','EL BANCO','473040'),(682,15,'258','EL PIÑON','476001'),(683,15,'268','EL RETEN','478060'),(684,15,'288','FUNDACION','472020'),(685,15,'318','GUAMAL','473020'),(686,15,'460','NUEVA GRANADA','475020'),(687,15,'541','PEDRAZA','476040'),(688,15,'545','PIJINO DEL CARMEN','474040'),(689,15,'551','PIVIJAY','477050'),(690,15,'555','PLATO','475030'),(691,15,'570','PUEBLOVIEJO','478040'),(692,15,'605','REMOLINO','477020'),(693,15,'660','SABANAS DE SAN ANGEL','475001'),(694,15,'675','SALAMINA','477040'),(695,15,'692','SAN SEBASTIAN DE BUENAVISTA','473001'),(696,15,'703','SAN ZENON','474060'),(697,15,'707','SANTA ANA','474020'),(698,15,'720','SANTA BARBARA DE PINTO','474001'),(699,15,'745','SITIONUEVO','477001'),(700,15,'798','TENERIFE','475050'),(701,15,'960','ZAPAYAN','476050'),(702,15,'980','ZONA BANANERA','478020'),(703,16,'001','VILLAVICENCIO','500001'),(704,16,'006','ACACIAS','507001'),(705,16,'110','BARRANCA DE UPIA','501001'),(706,16,'124','CABUYARO','501011'),(707,16,'150','CASTILLA LA NUEVA','507041'),(708,16,'223','SAN LUIS DE CUBARRAL','506001'),(709,16,'226','CUMARAL','501021'),(710,16,'245','EL CALVARIO','501041'),(711,16,'251','EL CASTILLO','506041'),(712,16,'270','EL DORADO','506021'),(713,16,'287','FUENTE DE ORO','504021'),(714,16,'313','GRANADA','504001'),(715,16,'318','GUAMAL','507051'),(716,16,'325','MAPIRIPAN','503021'),(717,16,'330','MESETAS','505001'),(718,16,'350','LA MACARENA','505021'),(719,16,'370','LA URIBE','505041'),(720,16,'400','LEJANIAS','506061'),(721,16,'450','PUERTO CONCORDIA','503041'),(722,16,'568','PUERTO GAITAN','502041'),(723,16,'573','PUERTO LOPEZ','502001'),(724,16,'577','PUERTO LLERAS','503001'),(725,16,'590','PUERTO RICO','503061'),(726,16,'606','RESTREPO','501031'),(727,16,'680','SAN CARLOS GUAROA','507011'),(728,16,'683','SAN JUAN DE ARAMA','504041'),(729,16,'686','SAN JUANITO','501051'),(730,16,'689','SAN MARTIN','507021'),(731,16,'711','VISTA HERMOSA','504061'),(732,17,'001','PASTO','520001'),(733,17,'019','ALBAN','521050'),(734,17,'022','ALDANA','524540'),(735,17,'036','ANCUYA','526001'),(736,17,'051','ARBOLEDA','520570'),(737,17,'079','BARBACOAS','528060'),(738,17,'083','BELEN','521080'),(739,17,'110','BUESACO','520501'),(740,17,'203','COLON','521060'),(741,17,'207','CONSACA','522540'),(742,17,'210','CONTADERO','523080'),(743,17,'215','CORDOBA','524001'),(744,17,'224','CUASPUD','524560'),(745,17,'227','CUMBAL','525001'),(746,17,'233','CUMBITARA','526560'),(747,17,'240','CHACHAGÜI','522001'),(748,17,'250','EL CHARCO','527520'),(749,17,'254','EL PENOL','522080'),(750,17,'256','EL ROSARIO','527030'),(751,17,'258','EL TABLÓN DE GÓMEZ','520530'),(752,17,'260','EL TAMBO','522060'),(753,17,'287','FUNES','523520'),(754,17,'317','GUACHUCAL','524580'),(755,17,'320','GUAITARILLA','525501'),(756,17,'323','GUALMATAN','524501'),(757,17,'352','ILES','523060'),(758,17,'354','IMUES','523020'),(759,17,'356','IPIALES','524060'),(760,17,'378','LA CRUZ','521020'),(761,17,'381','LA FLORIDA','522040'),(762,17,'385','LA LLANADA','526501'),(763,17,'390','LA TOLA','527540'),(764,17,'399','LA UNION','521520'),(765,17,'405','LEIVA','527060'),(766,17,'411','LINARES','522501'),(767,17,'418','LOS ANDES','526520'),(768,17,'427','MAGUI','528001'),(769,17,'435','MALLAMA','525060'),(770,17,'473','MOSQUERA','527580'),(771,17,'480','NARINO','522020'),(772,17,'490','OLAYA HERRERA','527560'),(773,17,'506','OSPINA','523040'),(774,17,'520','FRANCISCO PIZARRO','528560'),(775,17,'540','POLICARPA','527001'),(776,17,'560','POTOSI','524030'),(777,17,'565','PROVIDENCIA','526020'),(778,17,'573','PUERRES','523540'),(779,17,'585','PUPIALES','524520'),(780,17,'612','RICAURTE','525030'),(781,17,'621','ROBERTO PAYAN','528030'),(782,17,'678','SAMANIEGO','526040'),(783,17,'683','SANDONA','522520'),(784,17,'685','SAN BERNARDO','521001'),(785,17,'687','SAN LORENZO','521540'),(786,17,'693','SAN PABLO','521040'),(787,17,'694','SAN PEDRO DE CARTAGO','521501'),(788,17,'696','SANTA BARBARA','527501'),(789,17,'699','SANTACRUZ','525570'),(790,17,'720','SAPUYES','525550'),(791,17,'786','TAMINANGO','521560'),(792,17,'788','TANGUA','523501'),(793,17,'835','TUMACO','528501'),(794,17,'838','TUQUERRES','525520'),(795,17,'885','YACUANQUER','523001'),(796,18,'001','CUCUTA','540001'),(797,18,'003','ABREGO','546070'),(798,18,'051','ARBOLEDAS','544550'),(799,18,'099','BOCHALEMA','543010'),(800,18,'109','BUCARASICA','545550'),(801,18,'125','CACOTA','544010'),(802,18,'128','CACHIRA','546030'),(803,18,'172','CHINACOTA','541070'),(804,18,'174','CHITAGA','544030'),(805,18,'206','CONVENCION','547050'),(806,18,'223','CUCUTILLA','544520'),(807,18,'239','DURANIA','544510'),(808,18,'245','EL CARMEN','547070'),(809,18,'250','EL TARRA','548050'),(810,18,'261','EL ZULIA','545510'),(811,18,'313','GRAMALOTE','545050'),(812,18,'344','HACARI','546510'),(813,18,'347','HERRAN','542010'),(814,18,'377','LABATECA','542050'),(815,18,'385','LA ESPERANZA','546050'),(816,18,'398','LA PLAYA','546530'),(817,18,'405','LOS PATIOS','541010'),(818,18,'418','LOURDES','545070'),(819,18,'480','MUTISCUA','544070'),(820,18,'498','OCAÑA','546551'),(821,18,'518','PAMPLONA','543050'),(822,18,'520','PAMPLONITA','543030'),(823,18,'553','PUERTO SANTANDER','548030'),(824,18,'599','RAGONVALIA','541050'),(825,18,'660','SALAZAR','544570'),(826,18,'670','SAN CALIXTO','547010'),(827,18,'673','SAN CAYETANO','545010'),(828,18,'680','SANTIAGO','545030'),(829,18,'720','SARDINATA','545530'),(830,18,'743','SILOS','544050'),(831,18,'800','TEORAMA','547030'),(832,18,'810','TIBU','548010'),(833,18,'820','TOLEDO','542030'),(834,18,'871','VILLA CARO','546010'),(835,18,'874','VILLA DEL ROSARIO','541030'),(836,19,'001','ARMENIA','630001'),(837,19,'111','BUENAVISTA','632040'),(838,19,'130','CALARCA','632001'),(839,19,'190','CIRCASIA','631001'),(840,19,'212','CORDOBA','632020'),(841,19,'272','FILANDIA','634001'),(842,19,'302','GENOVA','632080'),(843,19,'401','LA TEBAIDA','633020'),(844,19,'470','MONTENEGRO','633001'),(845,19,'548','PIJAO','632060'),(846,19,'594','QUIMBAYA','634020'),(847,19,'690','SALENTO','631020'),(848,20,'001','PEREIRA','660001'),(849,20,'045','APIA','663030'),(850,20,'075','BALBOA','662010'),(851,20,'088','BELEN DE UMBRIA','664040'),(852,20,'170','DOS QUEBRADAS','661001'),(853,20,'318','GUATICA','664010'),(854,20,'383','LA CELIA','662030'),(855,20,'400','LA VIRGINIA','662001'),(856,20,'440','MARSELLA','661040'),(857,20,'456','MISTRATO','664020'),(858,20,'572','PUEBLO RICO','663011'),(859,20,'594','QUINCHIA','664001'),(860,20,'682','SANTA ROSA DE CABAL','661020'),(861,20,'687','SANTUARIO','663001'),(862,21,'001','BUCARAMANGA','680001'),(863,21,'013','AGUADA','685521'),(864,21,'020','ALBANIA','684531'),(865,21,'051','ARATOCA','682051'),(866,21,'077','BARBOSA','684511'),(867,21,'079','BARICHARA','684041'),(868,21,'081','BARRANCABERMEJA','687031'),(869,21,'092','BETULIA','686501'),(870,21,'101','BOLIVAR','685001'),(871,21,'121','CABRERA','683501'),(872,21,'132','CALIFORNIA','680511'),(873,21,'147','CAPITANEJO','681541'),(874,21,'152','CARCASI','681521'),(875,21,'160','CEPITA','682061'),(876,21,'162','CERRITO','681501'),(877,21,'167','CHARALA','682551'),(878,21,'169','CHARTA','680551'),(879,21,'176','CHIMA','683001'),(880,21,'179','CHIPATA','685551'),(881,21,'190','CIMITARRA','686041'),(882,21,'207','CONCEPCION','681511'),(883,21,'209','CONFINES','683531'),(884,21,'211','CONTRATACION','683071'),(885,21,'217','COROMORO','682531'),(886,21,'229','CURITI','682041'),(887,21,'235','EL CARMEN DE CHUCURI','686561'),(888,21,'245','EL GUACAMAYO','683061'),(889,21,'250','EL PEÑON','685021'),(890,21,'255','EL PLAYON','687501'),(891,21,'264','ENCINO','682541'),(892,21,'266','ENCISO','681561'),(893,21,'271','EL FLORIAN','684541'),(894,21,'276','FLORIDABLANCA','681001'),(895,21,'296','GALAN','684051'),(896,21,'298','GAMBITA','683031'),(897,21,'307','GIRON','687541'),(898,21,'318','GUACA','681031'),(899,21,'320','GUADALUPE','683051'),(900,21,'322','GUAPOTA','683011'),(901,21,'324','GUAVATA','684501'),(902,21,'327','GÜEPSA','685541'),(903,21,'344','HATO','683571'),(904,21,'368','JESUS MARIA','684551'),(905,21,'370','JORDAN','684011'),(906,21,'377','LA BELLEZA','685061'),(907,21,'385','LANDAZURI','686021'),(908,21,'397','LA PAZ','685511'),(909,21,'406','LEBRIJA','687571'),(910,21,'418','LOS SANTOS','684001'),(911,21,'425','MACARAVITA','681531'),(912,21,'432','MALAGA','682011'),(913,21,'444','MATANZA','680561'),(914,21,'464','MOGOTES','682501'),(915,21,'468','MOLAGAVITA','682031'),(916,21,'498','OCAMONTE','682561'),(917,21,'500','OIBA','683021'),(918,21,'502','ONZAGA','682521'),(919,21,'522','PALMAR','683581'),(920,21,'524','PALMAS DEL SOCORRO','683541'),(921,21,'533','PARAMO','683521'),(922,21,'547','PIEDECUESTA','681011'),(923,21,'549','PINCHOTE','683511'),(924,21,'572','PUENTE NACIONAL','684521'),(925,21,'573','PUERTO PARRA','686001'),(926,21,'575','PUERTO WILCHES','687061'),(927,21,'615','RIONEGRO','687511'),(928,21,'655','SABANA DE TORRES','687001'),(929,21,'669','SAN ANDRES','682001'),(930,21,'673','SAN BENITO','685531'),(931,21,'679','SAN GIL','684031'),(932,21,'682','SAN JOAQUIN','682511'),(933,21,'684','SAN JOSE DE MIRANDA','682021'),(934,21,'686','SAN MIGUEL','681551'),(935,21,'689','SAN VICENTE DE CHUCURI','686531'),(936,21,'705','SANTA BARBARA','681021'),(937,21,'720','SANTA HELENA DEL OPON','685501'),(938,21,'745','SIMACOTA','683561'),(939,21,'755','SOCORRO','683551'),(940,21,'770','SUAITA','683041'),(941,21,'773','SUCRE','685041'),(942,21,'780','SURATA','680501'),(943,21,'820','TONA','680541'),(944,21,'855','VALLE SAN JOSE','682571'),(945,21,'861','VELEZ','685561'),(946,21,'867','VETAS','680531'),(947,21,'872','VILLANUEVA','684021'),(948,21,'895','ZAPATOCA','684061'),(949,22,'001','SINCELEJO','700001'),(950,22,'110','BUENAVISTA','702030'),(951,22,'124','CAIMITO','704010'),(952,22,'204','COLOSO','707030'),(953,22,'215','COROZAL','705030'),(954,22,'221','COVEÑAS','706050'),(955,22,'230','CHALAN','701010'),(956,22,'233','EL ROBLE','705050'),(957,22,'235','GALERAS','702050'),(958,22,'265','GUARANDA','703070'),(959,22,'400','LA UNION','704050'),(960,22,'418','LOS PALMITOS','701050'),(961,22,'429','MAJAGUAL','703050'),(962,22,'473','MORROA','701070'),(963,22,'508','OVEJAS','701030'),(964,22,'523','PALMITO','706030'),(965,22,'670','SAMPUES','705070'),(966,22,'678','SAN BENITO ABAD','703010'),(967,22,'702','SAN JUAN BETULIA','705010'),(968,22,'708','SAN MARCOS','704030'),(969,22,'713','SAN ONOFRE','707010'),(970,22,'717','SAN PEDRO','702010'),(971,22,'742','SINCE','702070'),(972,22,'771','SUCRE','703030'),(973,22,'820','SANTIAGO DE TOLÚ','706010'),(974,22,'823','TOLÚ VIEJO','707050'),(975,23,'001','IBAGUE','730001'),(976,23,'024','ALPUJARRA','734560'),(977,23,'026','ALVARADO','730520'),(978,23,'030','AMBALEMA','731001'),(979,23,'043','ANZOATEGUI','730540'),(980,23,'055','ARMERO','732060'),(981,23,'067','ATACO','735050'),(982,23,'124','CAJAMARCA','732501'),(983,23,'148','CARMEN APICALA','733590'),(984,23,'152','CASABIANCA','731520'),(985,23,'168','CHAPARRAL','735560'),(986,23,'200','COELLO','733501'),(987,23,'217','COYAIMA','735020'),(988,23,'226','CUNDAY','734040'),(989,23,'236','DOLORES','734540'),(990,23,'268','ESPINAL','733520'),(991,23,'270','FALAN','732001'),(992,23,'275','FLANDES','733510'),(993,23,'283','FRESNO','731560'),(994,23,'319','GUAMO','733540'),(995,23,'347','HERVEO','731540'),(996,23,'349','HONDA','732040'),(997,23,'352','ICONONZO','734020'),(998,23,'408','LERIDA','731020'),(999,23,'411','LIBANO','731040'),(1000,23,'443','MARIQUITA','732020'),(1001,23,'449','MELGAR','734001'),(1002,23,'461','MURILLO','731060'),(1003,23,'483','NATAGAIMA','735001'),(1004,23,'504','ORTEGA','735501'),(1005,23,'520','PALOCABILDO','731580'),(1006,23,'547','PIEDRAS','730501'),(1007,23,'555','PLANADAS','735070'),(1008,23,'563','PRADO','734520'),(1009,23,'585','PURIFICACION','734501'),(1010,23,'616','RIOBLANCO','735580'),(1011,23,'622','RONCESVALLES','735550'),(1012,23,'624','ROVIRA','733040'),(1013,23,'671','SALDAÑA','733570'),(1014,23,'675','SAN ANTONIO','735530'),(1015,23,'678','SAN LUIS','054430'),(1016,23,'686','SANTA ISABEL','730560'),(1017,23,'770','SUAREZ','190580'),(1018,23,'854','VALLE DE SAN JUAN','733020'),(1019,23,'861','VENADILLO','730580'),(1020,23,'870','VILLAHERMOSA','731501'),(1021,23,'873','VILLARRICA','734060'),(1022,24,'001','CALI','760030'),(1023,24,'020','ALCALA','762040'),(1024,24,'036','ANDALUCIA','763010'),(1025,24,'041','ANSERMANUEVO','762010'),(1026,24,'054','ARGELIA','195560'),(1027,24,'100','BOLIVAR','685001'),(1028,24,'109','BUENAVENTURA','764501'),(1029,24,'111','GUADALAJARA DE BUGA','763041'),(1030,24,'113','BUGALAGRANDE','763001'),(1031,24,'122','CAICEDONIA','762540'),(1032,24,'126','CALIMA','760530'),(1033,24,'130','CANDELARIA','110111'),(1034,24,'147','CARTAGO','762021'),(1035,24,'233','DAGUA','760520'),(1036,24,'243','EL AGUILA','762001'),(1037,24,'246','EL CAIRO','761501'),(1038,24,'248','EL CERRITO','763520'),(1039,24,'250','EL DOVIO','761560'),(1040,24,'275','FLORIDA','763560'),(1041,24,'306','GINEBRA','763510'),(1042,24,'318','GUACARI','763501'),(1043,24,'364','JAMUNDI','764001'),(1044,24,'377','LA CUMBRE','760510'),(1045,24,'400','LA UNION','704050'),(1046,24,'403','LA VICTORIA','155001'),(1047,24,'497','OBANDO','762501'),(1048,24,'520','PALMIRA','763532'),(1049,24,'563','PRADERA','763550'),(1050,24,'606','RESTREPO','501031'),(1051,24,'616','RIOFRIO','761030'),(1052,24,'622','ROLDANILLO','761550'),(1053,24,'670','SAN PEDRO','702010'),(1054,24,'736','SEVILLA','762530'),(1055,24,'823','TORO','761520'),(1056,24,'828','TRUJILLO','761020'),(1057,24,'834','TULUA','763022'),(1058,24,'845','ULLOA','762030'),(1059,24,'863','VERSALLES','761530'),(1060,24,'869','VIJES','760550'),(1061,24,'890','YOTOCO','761040'),(1062,24,'892','YUMBO','760502'),(1063,24,'895','ZARZAL','762520'),(1064,25,'001','ARAUCA','810001'),(1065,25,'065','ARAUQUITA','816010'),(1066,25,'220','CRAVO NORTE','812010'),(1067,25,'300','FORTUL','814050'),(1068,25,'591','PUERTO RONDON','813010'),(1069,25,'736','SARAVENA','815010'),(1070,25,'794','TAME','814010'),(1071,26,'001','YOPAL','850002'),(1072,26,'010','AGUAZUL','856010'),(1073,26,'015','CHAMEZA','856030'),(1074,26,'125','HATO COROZAL','852010'),(1075,26,'136','LA SALINA','851010'),(1076,26,'139','MANI','854010'),(1077,26,'162','MONTERREY','855010'),(1078,26,'225','NUNCHIA','851070'),(1079,26,'230','OROCUE','853050'),(1080,26,'250','PAZ DE ARIPORO','852030'),(1081,26,'263','PORE','852050'),(1082,26,'279','RECETOR','856050'),(1083,26,'300','SABANALARGA','085001'),(1084,26,'315','SACAMA','851030'),(1085,26,'325','SAN LUIS DE PALENQUE','853030'),(1086,26,'400','TAMARA','851050'),(1087,26,'410','TAURAMENA','854030'),(1088,26,'430','TRINIDAD','853010'),(1089,26,'440','VILLANUEVA','684021'),(1090,27,'001','MOCOA','860001'),(1091,27,'219','COLON','521060'),(1092,27,'320','ORITO','862001'),(1093,27,'568','PUERTO ASIS','862060'),(1094,27,'569','PUERTO CAICEDO','862080'),(1095,27,'571','PUERTO GUZMAN','863001'),(1096,27,'573','LEGUÍZAMO','864001'),(1097,27,'749','SIBUNDOY','861020'),(1098,27,'755','SAN FRANCISCO','253601'),(1099,27,'757','SAN MIGUEL','681551'),(1100,27,'760','SANTIAGO','545030'),(1101,27,'865','VALLE DEL GUAMUEZ','862020'),(1102,27,'885','VILLAGARZON','861080'),(1103,28,'001','SAN ANDRES','682001'),(1104,28,'564','PROVIDENCIA Y SANTA CATALINA','130501'),(1105,29,'001','LETICIA','910001'),(1106,29,'263','EL ENCANTO','913010'),(1107,29,'405','LA CHORRERA','914050'),(1108,29,'407','LA PEDRERA','917010'),(1109,29,'430','LA VICTORIA','155001'),(1110,29,'460','MIRITI-PARANA','917017'),(1111,29,'530','PUERTO ALEGRIA','913050'),(1112,29,'536','PUERTO ARICA','912010'),(1113,29,'540','PUERTO NARIÑO','911010'),(1114,29,'669','PUERTO SANTANDER','548030'),(1115,29,'798','TARAPACA','911030'),(1116,30,'001','INIRIDA','940001'),(1117,30,'343','BARRANCO MINA','944010'),(1118,30,'663','MAPIRIPANA','503021'),(1119,30,'883','SAN FELIPE','942010'),(1120,30,'884','PUERTO COLOMBIA','081001'),(1121,30,'885','LA GUADALUPE','942057'),(1122,30,'886','CACAHUAL','941010'),(1123,30,'887','PANA PANA','943018'),(1124,30,'888','MORICHAL','943058'),(1125,31,'001','SAN JOSE DEL GUAVIARE','950001'),(1126,31,'015','CALAMAR','131540'),(1127,31,'025','EL RETORNO','951001'),(1128,31,'200','MIRAFLORES','152660'),(1129,32,'001','MITU','970001'),(1130,32,'161','CARURU','973001'),(1131,32,'511','PACOA','972007'),(1132,32,'666','TARAIRA','972040'),(1133,32,'777','PAPUNAHUA','973047'),(1134,32,'889','YAVARATE','971008'),(1135,33,'001','PUERTO CARREÑO','990001'),(1136,33,'524','LA PRIMAVERA','992001'),(1137,33,'624','SANTA ROSALIA','992050'),(1138,33,'773','CUMARIBO','991001'),(1139,3,'001','BOGOTÁ D.C.','110111');
/*!40000 ALTER TABLE `tb_municipios` ENABLE KEYS */;
UNLOCK TABLES;

--
-- Table structure for table `tb_pais`
--

DROP TABLE IF EXISTS `tb_pais`;
/*!40101 SET @saved_cs_client     = @@character_set_client */;
/*!50503 SET character_set_client = utf8mb4 */;
CREATE TABLE `tb_pais` (
  `id_pais` int NOT NULL AUTO_INCREMENT,
  `codigo` char(2) DEFAULT NULL,
  `nombre` varchar(50) DEFAULT NULL,
  PRIMARY KEY (`id_pais`)
) ENGINE=InnoDB AUTO_INCREMENT=2 DEFAULT CHARSET=utf8mb3;
/*!40101 SET character_set_client = @saved_cs_client */;

--
-- Dumping data for table `tb_pais`
--

LOCK TABLES `tb_pais` WRITE;
/*!40000 ALTER TABLE `tb_pais` DISABLE KEYS */;
INSERT INTO `tb_pais` VALUES (1,'CO','Colombia');
/*!40000 ALTER TABLE `tb_pais` ENABLE KEYS */;
UNLOCK TABLES;

--
-- Table structure for table `tb_tipo_documentos`
--

DROP TABLE IF EXISTS `tb_tipo_documentos`;
/*!40101 SET @saved_cs_client     = @@character_set_client */;
/*!50503 SET character_set_client = utf8mb4 */;
CREATE TABLE `tb_tipo_documentos` (
  `id_tdoc` int NOT NULL AUTO_INCREMENT,
  `codigo` char(4) CHARACTER SET utf8mb3 COLLATE utf8mb3_general_ci DEFAULT NULL,
  `descripcion` varchar(40) DEFAULT NULL,
  PRIMARY KEY (`id_tdoc`)
) ENGINE=InnoDB AUTO_INCREMENT=9 DEFAULT CHARSET=utf8mb3;
/*!40101 SET character_set_client = @saved_cs_client */;

--
-- Dumping data for table `tb_tipo_documentos`
--

LOCK TABLES `tb_tipo_documentos` WRITE;
/*!40000 ALTER TABLE `tb_tipo_documentos` DISABLE KEYS */;
INSERT INTO `tb_tipo_documentos` VALUES (1,'CC','Cedula de Ciudadanía'),(2,'CE','Cedula de Extranjería'),(3,'TI','Tarjeta de Identidad'),(4,'PAS','Pasaporte'),(5,'NIT','NIT'),(6,'FI','NIT Exterior '),(7,'PEP','Permiso Especial Extranjero'),(8,'VIS','Visa');
/*!40000 ALTER TABLE `tb_tipo_documentos` ENABLE KEYS */;
UNLOCK TABLES;
/*!40103 SET TIME_ZONE=@OLD_TIME_ZONE */;

/*!40101 SET SQL_MODE=@OLD_SQL_MODE */;
/*!40014 SET FOREIGN_KEY_CHECKS=@OLD_FOREIGN_KEY_CHECKS */;
/*!40014 SET UNIQUE_CHECKS=@OLD_UNIQUE_CHECKS */;
/*!40101 SET CHARACTER_SET_CLIENT=@OLD_CHARACTER_SET_CLIENT */;
/*!40101 SET CHARACTER_SET_RESULTS=@OLD_CHARACTER_SET_RESULTS */;
/*!40101 SET COLLATION_CONNECTION=@OLD_COLLATION_CONNECTION */;
/*!40111 SET SQL_NOTES=@OLD_SQL_NOTES */;

-- Dump completed on 2024-02-23 10:25:17
